{
  "minVersion": "2.0",
  "name": "W2Like (Virtual Camera)",
  "bundleid": "com.chigancc1.w2like",
  "version": "0.1.0",
  "maintainer": "chigancc1",
  "author": "chigancc1",
  "tintColor": "#00C2FF",
  "tagline": "A/V-synced virtual camera with volume double-tap toggle.",
  "shortDescription": "Inject a synced virtual camera into TikTok, Instagram, Facebook; overlay mode for stock Camera; double-tap Volume to toggle.",
  "changelog": [
    "Initial public build."
  ],
  "screenshots": [],
  "links": [
    {
      "name": "Source Repo",
      "url": "https://github.com/chigancc1/w2like-tweak"
    },
    {
      "name": "APT Root",
      "url": "https://chigancc1.github.io/w2like-repo/"
    }
  ]
}